{
  "appenders": {
    "access": {
      "type": "dateFile",
      "filename": "logs/access.log",
      "pattern": "-yyyy-MM-dd"
    },
    "rule-console": {
      "type": "console"
    },
    "rule-file": {
      "type": "dateFile",

      "filename": "logs/server-",
      "encoding": "utf-8",
      "maxLogSize": 10000000,
      "numBackups": 3,
      "pattern": "yyyy-MM-dd.log",
      "alwaysIncludePattern": true
    },
    "rule-error": {
      "type": "dateFile",
      "filename": "logs/error-",
      "encoding": "utf-8",
      "maxLogSize": 1000000,
      "numBackups": 3,
      "pattern": "yyyy-MM-dd.log",
      "alwaysIncludePattern": true
    }
  },
  "categories": {
    "default": {
      "appenders": [
        "rule-console",
        "rule-file"
      ],
      "replaceConsole": true,
      "level": "debug"
    },
    "error" : {
      "appenders": [
        "rule-console",
        "rule-file",
        "rule-error"
    ],
    "replaceConsole": true,
    "level": "error"
    },
    "http": {
      "appenders": [
        "access"
      ],
      "level": "info"
    }
  }
}