<?xml version="1.0" encoding="UTF-8" ?>
<!DOCTYPE mapper PUBLIC "-//mybatis.org//DTD Mapper 3.0//EN" "http://mybatis.org/dtd/mybatis-3-mapper.dtd" >
<mapper namespace="com.qucai.kp.api.dao.AreaDao">

  <resultMap id="BaseResultMap" type="com.qucai.kp.entity.Area" >
    <id column="id" property="id" jdbcType="VARCHAR" />
    <result column="code" property="code" jdbcType="VARCHAR" />
    <result column="name" property="name" jdbcType="VARCHAR" />
    <result column="parent_id" property="parentId" jdbcType="VARCHAR" />
  </resultMap>
  <sql id="Base_Column_List" >
    id, code, name, parent_id
  </sql>
	<select id="findAllList" resultMap="BaseResultMap"
		parameterType="java.util.Map">
		select
		<include refid="Base_Column_List" />
		from t_area
		where 1=1
		<if test="parentId != null and parentId != ''">
			and parent_id = #{parentId,jdbcType=INTEGER}
		</if>
		<if test="parentId == null or parentId == ''">
			and parent_id is null
		</if>
	</select>
	
</mapper>