<?xml version="1.0" encoding="UTF-8" ?>
<!DOCTYPE mapper PUBLIC "-//mybatis.org//DTD Mapper 3.0//EN" "http://mybatis.org/dtd/mybatis-3-mapper.dtd" >
<mapper namespace="com.qucai.kp.api.dao.ChannelDao" >
  <resultMap id="BaseResultMap" type="com.qucai.kp.entity.Channel" >
    <id column="id" property="id" jdbcType="VARCHAR" />
    <result column="name" property="name" jdbcType="VARCHAR" />
    <result column="code" property="code" jdbcType="VARCHAR" />
    <result column="ent_code" property="entCode" jdbcType="VARCHAR" />
    <result column="trade_code" property="tradeCode" jdbcType="VARCHAR" />
    <result column="owner_enterprise_name" property="ownerEnterpriseName" jdbcType="VARCHAR" />
    <result column="ip_white_list" property="ipWhiteList" jdbcType="VARCHAR" />
    <result column="remark" property="remark" jdbcType="VARCHAR" />
    <result column="creator" property="creator" jdbcType="VARCHAR" />
    <result column="create_time" property="createTime" jdbcType="TIMESTAMP" />
    <result column="modifier" property="modifier" jdbcType="VARCHAR" />
    <result column="modify_time" property="modifyTime" jdbcType="TIMESTAMP" />
  </resultMap>
  <sql id="Base_Column_List" >
    id, name, code, ent_code, trade_code, owner_enterprise_name, ip_white_list, remark, 
    creator, create_time, modifier, modify_time
  </sql>
  <select id="selectByPrimaryKey" resultMap="BaseResultMap" parameterType="java.lang.String" >
    select 
    <include refid="Base_Column_List" />
    from t_channel
    where id = #{id,jdbcType=VARCHAR}
  </select>
  <delete id="deleteByPrimaryKey" parameterType="java.lang.String" >
    delete from t_channel
    where id = #{id,jdbcType=VARCHAR}
  </delete>
  <insert id="insertSelective" parameterType="com.qucai.kp.entity.Channel" >
    insert into t_channel
    <trim prefix="(" suffix=")" suffixOverrides="," >
      <if test="id != null" >
        id,
      </if>
      <if test="name != null" >
        name,
      </if>
      <if test="code != null" >
        code,
      </if>
      <if test="entCode != null" >
        ent_code,
      </if>
      <if test="tradeCode != null" >
        trade_code,
      </if>
      <if test="ownerEnterpriseName != null" >
        owner_enterprise_name,
      </if>
      <if test="ipWhiteList != null" >
        ip_white_list,
      </if>
      <if test="remark != null" >
        remark,
      </if>
      <if test="creator != null" >
        creator,
      </if>
      <if test="createTime != null" >
        create_time,
      </if>
      <if test="modifier != null" >
        modifier,
      </if>
      <if test="modifyTime != null" >
        modify_time,
      </if>
    </trim>
    <trim prefix="values (" suffix=")" suffixOverrides="," >
      <if test="id != null" >
        #{id,jdbcType=VARCHAR},
      </if>
      <if test="name != null" >
        #{name,jdbcType=VARCHAR},
      </if>
      <if test="code != null" >
        #{code,jdbcType=VARCHAR},
      </if>
      <if test="entCode != null" >
        #{entCode,jdbcType=VARCHAR},
      </if>
      <if test="tradeCode != null" >
        #{tradeCode,jdbcType=VARCHAR},
      </if>
      <if test="ownerEnterpriseName != null" >
        #{ownerEnterpriseName,jdbcType=VARCHAR},
      </if>
      <if test="ipWhiteList != null" >
        #{ipWhiteList,jdbcType=VARCHAR},
      </if>
      <if test="remark != null" >
        #{remark,jdbcType=VARCHAR},
      </if>
      <if test="creator != null" >
        #{creator,jdbcType=VARCHAR},
      </if>
      <if test="createTime != null" >
        #{createTime,jdbcType=TIMESTAMP},
      </if>
      <if test="modifier != null" >
        #{modifier,jdbcType=VARCHAR},
      </if>
      <if test="modifyTime != null" >
        #{modifyTime,jdbcType=TIMESTAMP},
      </if>
    </trim>
  </insert>
  <update id="updateByPrimaryKeySelective" parameterType="com.qucai.kp.entity.Channel" >
    update t_channel
    <set >
      <if test="name != null" >
        name = #{name,jdbcType=VARCHAR},
      </if>
      <if test="code != null" >
        code = #{code,jdbcType=VARCHAR},
      </if>
      <if test="entCode != null" >
        ent_code = #{entCode,jdbcType=VARCHAR},
      </if>
      <if test="tradeCode != null" >
        trade_code = #{tradeCode,jdbcType=VARCHAR},
      </if>
      <if test="ownerEnterpriseName != null" >
        owner_enterprise_name = #{ownerEnterpriseName,jdbcType=VARCHAR},
      </if>
      <if test="ipWhiteList != null" >
        ip_white_list = #{ipWhiteList,jdbcType=VARCHAR},
      </if>
      <if test="remark != null" >
        remark = #{remark,jdbcType=VARCHAR},
      </if>
      <if test="creator != null" >
        creator = #{creator,jdbcType=VARCHAR},
      </if>
      <if test="createTime != null" >
        create_time = #{createTime,jdbcType=TIMESTAMP},
      </if>
      <if test="modifier != null" >
        modifier = #{modifier,jdbcType=VARCHAR},
      </if>
      <if test="modifyTime != null" >
        modify_time = #{modifyTime,jdbcType=TIMESTAMP},
      </if>
    </set>
    where id = #{id,jdbcType=VARCHAR}
  </update>
    <select id="findAllList" resultMap="BaseResultMap" parameterType="java.util.Map" >
    select 
    <include refid="Base_Column_List" />
    from t_channel
  </select>
</mapper>