<?xml version="1.0" encoding="UTF-8" ?>
<!DOCTYPE mapper PUBLIC "-//mybatis.org//DTD Mapper 3.0//EN" "http://mybatis.org/dtd/mybatis-3-mapper.dtd" >
<mapper namespace="com.qucai.kp.api.dao.ClaimVerifyDao" >
  <resultMap id="BaseResultMap" type="com.qucai.kp.entity.ClaimVerify" >
    <id column="id" property="id" jdbcType="VARCHAR" />
    <result column="claim_apply_id" property="claimApplyId" jdbcType="VARCHAR" />
    <result column="verify_id" property="verifyId" jdbcType="VARCHAR" />
    <result column="create_time" property="createTime" jdbcType="TIMESTAMP" />
    <result column="verify_time" property="verifyTime" jdbcType="TIMESTAMP" />
    <result column="verify_finish_time" property="verifyFinishTime" jdbcType="TIMESTAMP" />
    <result column="enter_id" property="enterId" jdbcType="VARCHAR" />
    <result column="enter_time" property="enterTime" jdbcType="TIMESTAMP" />
    <result column="enter_finish_time" property="enterFinishTime" jdbcType="TIMESTAMP" />
    <result column="is_enter_verify" property="isEnterVerify" jdbcType="VARCHAR" />
    <result column="enter_verify_id" property="enterVerifyId" jdbcType="VARCHAR" />
    <result column="enter_verify_time" property="enterVerifyTime" jdbcType="TIMESTAMP" />
    <result column="enter_verify_finish_time" property="enterVerifyFinishTime" jdbcType="TIMESTAMP" />
    <result column="is_settlement_verfy" property="isSettlementVerfy" jdbcType="VARCHAR" />
    <result column="settlement_verify_id" property="settlementVerifyId" jdbcType="VARCHAR" />
    <result column="settlement_verify_time" property="settlementVerifyTime" jdbcType="TIMESTAMP" />
    <result column="settlement_verify_finsh_time" property="settlementVerifyFinshTime" jdbcType="TIMESTAMP" />
  </resultMap>
  <sql id="Base_Column_List" >
    id, claim_apply_id, verify_id, create_time, verify_time, verify_finish_time, enter_id, 
    enter_time, enter_finish_time, is_enter_verify, enter_verify_id, enter_verify_time, 
    enter_verify_finish_time, is_settlement_verfy, settlement_verify_id, settlement_verify_time, 
    settlement_verify_finsh_time
  </sql>
  <select id="selectByPrimaryKey" resultMap="BaseResultMap" parameterType="java.lang.String" >
    select 
    <include refid="Base_Column_List" />
    from t_claim_verify
    where id = #{id,jdbcType=VARCHAR}
  </select>
  <delete id="deleteByPrimaryKey" parameterType="java.lang.String" >
    delete from t_claim_verify
    where id = #{id,jdbcType=VARCHAR}
  </delete>
  <insert id="insertSelective" parameterType="com.qucai.kp.entity.ClaimVerify" >
    insert into t_claim_verify
    <trim prefix="(" suffix=")" suffixOverrides="," >
      <if test="id != null" >
        id,
      </if>
      <if test="claimApplyId != null" >
        claim_apply_id,
      </if>
      <if test="verifyId != null" >
        verify_id,
      </if>
      <if test="createTime != null" >
        create_time,
      </if>
      <if test="verifyTime != null" >
        verify_time,
      </if>
      <if test="verifyFinishTime != null" >
        verify_finish_time,
      </if>
      <if test="enterId != null" >
        enter_id,
      </if>
      <if test="enterTime != null" >
        enter_time,
      </if>
      <if test="enterFinishTime != null" >
        enter_finish_time,
      </if>
      <if test="isEnterVerify != null" >
        is_enter_verify,
      </if>
      <if test="enterVerifyId != null" >
        enter_verify_id,
      </if>
      <if test="enterVerifyTime != null" >
        enter_verify_time,
      </if>
      <if test="enterVerifyFinishTime != null" >
        enter_verify_finish_time,
      </if>
      <if test="isSettlementVerfy != null" >
        is_settlement_verfy,
      </if>
      <if test="settlementVerifyId != null" >
        settlement_verify_id,
      </if>
      <if test="settlementVerifyTime != null" >
        settlement_verify_time,
      </if>
      <if test="settlementVerifyFinshTime != null" >
        settlement_verify_finsh_time,
      </if>
    </trim>
    <trim prefix="values (" suffix=")" suffixOverrides="," >
      <if test="id != null" >
        #{id,jdbcType=VARCHAR},
      </if>
      <if test="claimApplyId != null" >
        #{claimApplyId,jdbcType=VARCHAR},
      </if>
      <if test="verifyId != null" >
        #{verifyId,jdbcType=VARCHAR},
      </if>
      <if test="createTime != null" >
        #{createTime,jdbcType=TIMESTAMP},
      </if>
      <if test="verifyTime != null" >
        #{verifyTime,jdbcType=TIMESTAMP},
      </if>
      <if test="verifyFinishTime != null" >
        #{verifyFinishTime,jdbcType=TIMESTAMP},
      </if>
      <if test="enterId != null" >
        #{enterId,jdbcType=VARCHAR},
      </if>
      <if test="enterTime != null" >
        #{enterTime,jdbcType=TIMESTAMP},
      </if>
      <if test="enterFinishTime != null" >
        #{enterFinishTime,jdbcType=TIMESTAMP},
      </if>
      <if test="isEnterVerify != null" >
        #{isEnterVerify,jdbcType=VARCHAR},
      </if>
      <if test="enterVerifyId != null" >
        #{enterVerifyId,jdbcType=VARCHAR},
      </if>
      <if test="enterVerifyTime != null" >
        #{enterVerifyTime,jdbcType=TIMESTAMP},
      </if>
      <if test="enterVerifyFinishTime != null" >
        #{enterVerifyFinishTime,jdbcType=TIMESTAMP},
      </if>
      <if test="isSettlementVerfy != null" >
        #{isSettlementVerfy,jdbcType=VARCHAR},
      </if>
      <if test="settlementVerifyId != null" >
        #{settlementVerifyId,jdbcType=VARCHAR},
      </if>
      <if test="settlementVerifyTime != null" >
        #{settlementVerifyTime,jdbcType=TIMESTAMP},
      </if>
      <if test="settlementVerifyFinshTime != null" >
        #{settlementVerifyFinshTime,jdbcType=TIMESTAMP},
      </if>
    </trim>
  </insert>
  <update id="updateByPrimaryKeySelective" parameterType="com.qucai.kp.entity.ClaimVerify" >
    update t_claim_verify
    <set >
      <if test="claimApplyId != null" >
        claim_apply_id = #{claimApplyId,jdbcType=VARCHAR},
      </if>
      <if test="verifyId != null" >
        verify_id = #{verifyId,jdbcType=VARCHAR},
      </if>
      <if test="createTime != null" >
        create_time = #{createTime,jdbcType=TIMESTAMP},
      </if>
      <if test="verifyTime != null" >
        verify_time = #{verifyTime,jdbcType=TIMESTAMP},
      </if>
      <if test="verifyFinishTime != null" >
        verify_finish_time = #{verifyFinishTime,jdbcType=TIMESTAMP},
      </if>
      <if test="enterId != null" >
        enter_id = #{enterId,jdbcType=VARCHAR},
      </if>
      <if test="enterTime != null" >
        enter_time = #{enterTime,jdbcType=TIMESTAMP},
      </if>
      <if test="enterFinishTime != null" >
        enter_finish_time = #{enterFinishTime,jdbcType=TIMESTAMP},
      </if>
      <if test="isEnterVerify != null" >
        is_enter_verify = #{isEnterVerify,jdbcType=VARCHAR},
      </if>
      <if test="enterVerifyId != null" >
        enter_verify_id = #{enterVerifyId,jdbcType=VARCHAR},
      </if>
      <if test="enterVerifyTime != null" >
        enter_verify_time = #{enterVerifyTime,jdbcType=TIMESTAMP},
      </if>
      <if test="enterVerifyFinishTime != null" >
        enter_verify_finish_time = #{enterVerifyFinishTime,jdbcType=TIMESTAMP},
      </if>
      <if test="isSettlementVerfy != null" >
        is_settlement_verfy = #{isSettlementVerfy,jdbcType=VARCHAR},
      </if>
      <if test="settlementVerifyId != null" >
        settlement_verify_id = #{settlementVerifyId,jdbcType=VARCHAR},
      </if>
      <if test="settlementVerifyTime != null" >
        settlement_verify_time = #{settlementVerifyTime,jdbcType=TIMESTAMP},
      </if>
      <if test="settlementVerifyFinshTime != null" >
        settlement_verify_finsh_time = #{settlementVerifyFinshTime,jdbcType=TIMESTAMP},
      </if>
    </set>
    where id = #{id,jdbcType=VARCHAR}
  </update>
   <select id="selectByClaimApplyId" resultMap="BaseResultMap" parameterType="java.lang.String" >
    select 
    <include refid="Base_Column_List" />
    from t_claim_verify
    where claim_apply_id = #{id,jdbcType=VARCHAR}
  </select>
</mapper>