<?xml version="1.0" encoding="UTF-8" ?>
<!DOCTYPE mapper PUBLIC "-//mybatis.org//DTD Mapper 3.0//EN" "http://mybatis.org/dtd/mybatis-3-mapper.dtd" >
<mapper namespace="com.qucai.kp.api.dao.ClaimExpressDao" >
  <resultMap id="BaseResultMap" type="com.qucai.kp.entity.ClaimExpress" >
    <id column="id" property="id" jdbcType="VARCHAR" />
    <result column="claim_apply_id" property="claimApplyId" jdbcType="VARCHAR" />
    <result column="plan_address_id" property="planAddressId" jdbcType="VARCHAR" />
    <result column="submit_type" property="submitType" jdbcType="INTEGER" />
    <result column="carrier" property="carrier" jdbcType="VARCHAR" />
    <result column="tracking_no" property="trackingNo" jdbcType="VARCHAR" />
    <result column="recipient" property="recipient" jdbcType="VARCHAR" />
    <result column="receive_telephone" property="receiveTelephone" jdbcType="VARCHAR" />
    <result column="status" property="status" jdbcType="INTEGER" />
    <result column="remark" property="remark" jdbcType="VARCHAR" />
    <result column="creator" property="creator" jdbcType="VARCHAR" />
    <result column="create_time" property="createTime" jdbcType="TIMESTAMP" />
    <result column="modifier" property="modifier" jdbcType="VARCHAR" />
    <result column="modify_time" property="modifyTime" jdbcType="TIMESTAMP" />
  </resultMap>
  <sql id="Base_Column_List" >
    id, claim_apply_id, plan_address_id, submit_type, carrier, tracking_no, recipient, 
    receive_telephone, status, remark, creator, create_time, modifier, modify_time
  </sql>
  <select id="selectByPrimaryKey" resultMap="BaseResultMap" parameterType="java.lang.String" >
    select 
    <include refid="Base_Column_List" />
    from t_claim_express
    where id = #{id,jdbcType=VARCHAR}
  </select>
  <delete id="deleteByPrimaryKey" parameterType="java.lang.String" >
    delete from t_claim_express
    where id = #{id,jdbcType=VARCHAR}
  </delete>
  <insert id="insertSelective" parameterType="com.qucai.kp.entity.ClaimExpress" >
    insert into t_claim_express
    <trim prefix="(" suffix=")" suffixOverrides="," >
      <if test="id != null" >
        id,
      </if>
      <if test="claimApplyId != null" >
        claim_apply_id,
      </if>
      <if test="planAddressId != null" >
        plan_address_id,
      </if>
      <if test="submitType != null" >
        submit_type,
      </if>
      <if test="carrier != null" >
        carrier,
      </if>
      <if test="trackingNo != null" >
        tracking_no,
      </if>
      <if test="recipient != null" >
        recipient,
      </if>
      <if test="receiveTelephone != null" >
        receive_telephone,
      </if>
      <if test="status != null" >
        status,
      </if>
      <if test="remark != null" >
        remark,
      </if>
      <if test="creator != null" >
        creator,
      </if>
      <if test="createTime != null" >
        create_time,
      </if>
      <if test="modifier != null" >
        modifier,
      </if>
      <if test="modifyTime != null" >
        modify_time,
      </if>
    </trim>
    <trim prefix="values (" suffix=")" suffixOverrides="," >
      <if test="id != null" >
        #{id,jdbcType=VARCHAR},
      </if>
      <if test="claimApplyId != null" >
        #{claimApplyId,jdbcType=VARCHAR},
      </if>
      <if test="planAddressId != null" >
        #{planAddressId,jdbcType=VARCHAR},
      </if>
      <if test="submitType != null" >
        #{submitType,jdbcType=INTEGER},
      </if>
      <if test="carrier != null" >
        #{carrier,jdbcType=VARCHAR},
      </if>
      <if test="trackingNo != null" >
        #{trackingNo,jdbcType=VARCHAR},
      </if>
      <if test="recipient != null" >
        #{recipient,jdbcType=VARCHAR},
      </if>
      <if test="receiveTelephone != null" >
        #{receiveTelephone,jdbcType=VARCHAR},
      </if>
      <if test="status != null" >
        #{status,jdbcType=INTEGER},
      </if>
      <if test="remark != null" >
        #{remark,jdbcType=VARCHAR},
      </if>
      <if test="creator != null" >
        #{creator,jdbcType=VARCHAR},
      </if>
      <if test="createTime != null" >
        #{createTime,jdbcType=TIMESTAMP},
      </if>
      <if test="modifier != null" >
        #{modifier,jdbcType=VARCHAR},
      </if>
      <if test="modifyTime != null" >
        #{modifyTime,jdbcType=TIMESTAMP},
      </if>
    </trim>
  </insert>
  <update id="updateByPrimaryKeySelective" parameterType="com.qucai.kp.entity.ClaimExpress" >
    update t_claim_express
    <set >
      <if test="claimApplyId != null" >
        claim_apply_id = #{claimApplyId,jdbcType=VARCHAR},
      </if>
      <if test="planAddressId != null" >
        plan_address_id = #{planAddressId,jdbcType=VARCHAR},
      </if>
      <if test="submitType != null" >
        submit_type = #{submitType,jdbcType=INTEGER},
      </if>
      <if test="carrier != null" >
        carrier = #{carrier,jdbcType=VARCHAR},
      </if>
      <if test="trackingNo != null" >
        tracking_no = #{trackingNo,jdbcType=VARCHAR},
      </if>
      <if test="recipient != null" >
        recipient = #{recipient,jdbcType=VARCHAR},
      </if>
      <if test="receiveTelephone != null" >
        receive_telephone = #{receiveTelephone,jdbcType=VARCHAR},
      </if>
      <if test="status != null" >
        status = #{status,jdbcType=INTEGER},
      </if>
      <if test="remark != null" >
        remark = #{remark,jdbcType=VARCHAR},
      </if>
      <if test="creator != null" >
        creator = #{creator,jdbcType=VARCHAR},
      </if>
      <if test="createTime != null" >
        create_time = #{createTime,jdbcType=TIMESTAMP},
      </if>
      <if test="modifier != null" >
        modifier = #{modifier,jdbcType=VARCHAR},
      </if>
      <if test="modifyTime != null" >
        modify_time = #{modifyTime,jdbcType=TIMESTAMP},
      </if>
    </set>
    where id = #{id,jdbcType=VARCHAR}
  </update>
</mapper>