<?xml version="1.0" encoding="UTF-8" ?>
<!DOCTYPE mapper PUBLIC "-//mybatis.org//DTD Mapper 3.0//EN" "http://mybatis.org/dtd/mybatis-3-mapper.dtd" >
<mapper namespace="com.qucai.kp.api.dao.ClaimLogDao" >
  <resultMap id="BaseResultMap" type="com.qucai.kp.entity.ClaimLog" >
    <id column="id" property="id" jdbcType="VARCHAR" />
    <result column="claim_id" property="claimId" jdbcType="VARCHAR" />
    <result column="remark" property="remark" jdbcType="VARCHAR" />
    <result column="main_body" property="mainBody" jdbcType="VARCHAR" />
    <result column="creator" property="creator" jdbcType="VARCHAR" />
    <result column="create_time" property="createTime" jdbcType="TIMESTAMP" />
    <result column="modifier" property="modifier" jdbcType="VARCHAR" />
    <result column="modify_time" property="modifyTime" jdbcType="TIMESTAMP" />
  </resultMap>
  <sql id="Base_Column_List" >
    id, claim_id, remark,main_body, creator, create_time, modifier, modify_time
  </sql>
  <select id="selectByPrimaryKey" resultMap="BaseResultMap" parameterType="java.lang.String" >
    select 
    <include refid="Base_Column_List" />
    from t_claim_log
    where id = #{id,jdbcType=VARCHAR}
  </select>
  <delete id="deleteByPrimaryKey" parameterType="java.lang.String" >
    delete from t_claim_log
    where id = #{id,jdbcType=VARCHAR}
  </delete>
  <insert id="insertSelective" parameterType="com.qucai.kp.entity.ClaimLog" >
    insert into t_claim_log
    <trim prefix="(" suffix=")" suffixOverrides="," >
      <if test="id != null" >
        id,
      </if>
      <if test="claimId != null" >
        claim_id,
      </if>
      <if test="remark != null" >
        remark,
      </if>
      <if test="mainBody != null" >
        main_body,
      </if>
      <if test="creator != null" >
        creator,
      </if>
      <if test="createTime != null" >
        create_time,
      </if>
      <if test="modifier != null" >
        modifier,
      </if>
      <if test="modifyTime != null" >
        modify_time,
      </if>
    </trim>
    <trim prefix="values (" suffix=")" suffixOverrides="," >
      <if test="id != null" >
        #{id,jdbcType=VARCHAR},
      </if>
      <if test="claimId != null" >
        #{claimId,jdbcType=VARCHAR},
      </if>
      <if test="remark != null" >
        #{remark,jdbcType=VARCHAR},
      </if>
      <if test="mainBody != null" >
        #{mainBody,jdbcType=VARCHAR},
      </if>
      <if test="creator != null" >
        #{creator,jdbcType=VARCHAR},
      </if>
      <if test="createTime != null" >
        #{createTime,jdbcType=TIMESTAMP},
      </if>
      <if test="modifier != null" >
        #{modifier,jdbcType=VARCHAR},
      </if>
      <if test="modifyTime != null" >
        #{modifyTime,jdbcType=TIMESTAMP},
      </if>
    </trim>
  </insert>
  <update id="updateByPrimaryKeySelective" parameterType="com.qucai.kp.entity.ClaimLog" >
    update t_claim_log
    <set >
      <if test="claimId != null" >
        claim_id = #{claimId,jdbcType=VARCHAR},
      </if>
      <if test="remark != null" >
        remark = #{remark,jdbcType=VARCHAR},
      </if>
      <if test="mainBody != null" >
        main_body = #{mainBody,jdbcType=VARCHAR},
      </if>
      <if test="creator != null" >
        creator = #{creator,jdbcType=VARCHAR},
      </if>
      <if test="createTime != null" >
        create_time = #{createTime,jdbcType=TIMESTAMP},
      </if>
      <if test="modifier != null" >
        modifier = #{modifier,jdbcType=VARCHAR},
      </if>
      <if test="modifyTime != null" >
        modify_time = #{modifyTime,jdbcType=TIMESTAMP},
      </if>
    </set>
    where id = #{id,jdbcType=VARCHAR}
  </update>
   <select id="findClaimLogListByClaimId" resultMap="BaseResultMap" parameterType="java.lang.String" >
    select 
    <include refid="Base_Column_List" />
    from t_claim_log
    where claim_id = #{claimId,jdbcType=VARCHAR}
    order by create_time desc
  </select>
  
</mapper>