<?xml version="1.0" encoding="UTF-8" ?>
<!DOCTYPE mapper PUBLIC "-//mybatis.org//DTD Mapper 3.0//EN" "http://mybatis.org/dtd/mybatis-3-mapper.dtd" >
<mapper namespace="com.qucai.kp.api.dao.ClaimAttachDao" >
  <resultMap id="BaseResultMap" type="com.qucai.kp.entity.ClaimAttach" >
    <id column="id" property="id" jdbcType="VARCHAR" />
    <result column="claim_apply_id" property="claimApplyId" jdbcType="VARCHAR" />
    <result column="folder" property="folder" jdbcType="VARCHAR" />
    <result column="file_name" property="fileName" jdbcType="VARCHAR" />
    <result column="suffix" property="suffix" jdbcType="VARCHAR" />
    <result column="is_clear" property="isClear" jdbcType="INTEGER" />
    <result column="is_master_copy" property="isMasterCopy" jdbcType="INTEGER" />
    <result column="content_type" property="contentType" jdbcType="VARCHAR" />
    <result column="status" property="status" jdbcType="INTEGER" />
    <result column="remark" property="remark" jdbcType="VARCHAR" />
    <result column="is_del" property="isDel" jdbcType="INTEGER" />
    <result column="creator" property="creator" jdbcType="VARCHAR" />
    <result column="create_time" property="createTime" jdbcType="TIMESTAMP" />
    <result column="modifier" property="modifier" jdbcType="VARCHAR" />
    <result column="modify_time" property="modifyTime" jdbcType="TIMESTAMP" />
  </resultMap>
  <sql id="Base_Column_List" >
    id, claim_apply_id, folder, file_name, suffix, is_clear, is_master_copy, content_type, 
    status, remark, is_del, creator, create_time, modifier, modify_time
  </sql>
  <select id="selectByPrimaryKey" resultMap="BaseResultMap" parameterType="java.lang.String" >
    select 
    <include refid="Base_Column_List" />
    from t_claim_attach
    where id = #{id,jdbcType=VARCHAR}
  </select>
  <delete id="deleteByPrimaryKey" parameterType="java.lang.String" >
    delete from t_claim_attach
    where id = #{id,jdbcType=VARCHAR}
  </delete>
  <insert id="insertSelective" parameterType="com.qucai.kp.entity.ClaimAttach" >
    insert into t_claim_attach
    <trim prefix="(" suffix=")" suffixOverrides="," >
      <if test="id != null" >
        id,
      </if>
      <if test="claimApplyId != null" >
        claim_apply_id,
      </if>
      <if test="folder != null" >
        folder,
      </if>
      <if test="fileName != null" >
        file_name,
      </if>
      <if test="suffix != null" >
        suffix,
      </if>
      <if test="isClear != null" >
        is_clear,
      </if>
      <if test="isMasterCopy != null" >
        is_master_copy,
      </if>
      <if test="contentType != null" >
        content_type,
      </if>
      <if test="status != null" >
        status,
      </if>
      <if test="remark != null" >
        remark,
      </if>
      <if test="isDel != null" >
        is_del,
      </if>
      <if test="creator != null" >
        creator,
      </if>
      <if test="createTime != null" >
        create_time,
      </if>
      <if test="modifier != null" >
        modifier,
      </if>
      <if test="modifyTime != null" >
        modify_time,
      </if>
    </trim>
    <trim prefix="values (" suffix=")" suffixOverrides="," >
      <if test="id != null" >
        #{id,jdbcType=VARCHAR},
      </if>
      <if test="claimApplyId != null" >
        #{claimApplyId,jdbcType=VARCHAR},
      </if>
      <if test="folder != null" >
        #{folder,jdbcType=VARCHAR},
      </if>
      <if test="fileName != null" >
        #{fileName,jdbcType=VARCHAR},
      </if>
      <if test="suffix != null" >
        #{suffix,jdbcType=VARCHAR},
      </if>
      <if test="isClear != null" >
        #{isClear,jdbcType=INTEGER},
      </if>
      <if test="isMasterCopy != null" >
        #{isMasterCopy,jdbcType=INTEGER},
      </if>
      <if test="contentType != null" >
        #{contentType,jdbcType=VARCHAR},
      </if>
      <if test="status != null" >
        #{status,jdbcType=INTEGER},
      </if>
      <if test="remark != null" >
        #{remark,jdbcType=VARCHAR},
      </if>
      <if test="isDel != null" >
        #{isDel,jdbcType=INTEGER},
      </if>
      <if test="creator != null" >
        #{creator,jdbcType=VARCHAR},
      </if>
      <if test="createTime != null" >
        #{createTime,jdbcType=TIMESTAMP},
      </if>
      <if test="modifier != null" >
        #{modifier,jdbcType=VARCHAR},
      </if>
      <if test="modifyTime != null" >
        #{modifyTime,jdbcType=TIMESTAMP},
      </if>
    </trim>
  </insert>
  <update id="updateByPrimaryKeySelective" parameterType="com.qucai.kp.entity.ClaimAttach" >
    update t_claim_attach
    <set >
      <if test="claimApplyId != null" >
        claim_apply_id = #{claimApplyId,jdbcType=VARCHAR},
      </if>
      <if test="folder != null" >
        folder = #{folder,jdbcType=VARCHAR},
      </if>
      <if test="fileName != null" >
        file_name = #{fileName,jdbcType=VARCHAR},
      </if>
      <if test="suffix != null" >
        suffix = #{suffix,jdbcType=VARCHAR},
      </if>
      <if test="isClear != null" >
        is_clear = #{isClear,jdbcType=INTEGER},
      </if>
      <if test="isMasterCopy != null" >
        is_master_copy = #{isMasterCopy,jdbcType=INTEGER},
      </if>
      <if test="contentType != null" >
        content_type = #{contentType,jdbcType=VARCHAR},
      </if>
      <if test="status != null" >
        status = #{status,jdbcType=INTEGER},
      </if>
      <if test="remark != null" >
        remark = #{remark,jdbcType=VARCHAR},
      </if>
      <if test="isDel != null" >
        is_del = #{isDel,jdbcType=INTEGER},
      </if>
      <if test="creator != null" >
        creator = #{creator,jdbcType=VARCHAR},
      </if>
      <if test="createTime != null" >
        create_time = #{createTime,jdbcType=TIMESTAMP},
      </if>
      <if test="modifier != null" >
        modifier = #{modifier,jdbcType=VARCHAR},
      </if>
      <if test="modifyTime != null" >
        modify_time = #{modifyTime,jdbcType=TIMESTAMP},
      </if>
    </set>
    where id = #{id,jdbcType=VARCHAR}
  </update>
  <select id="findAllList" resultMap="BaseResultMap" parameterType="java.util.Map" >
    select 
    <include refid="Base_Column_List" />
    from t_claim_attach
    where 1=1 
    <if test="id != null and id !='' ">
    	 and id = #{id,jdbcType=VARCHAR}
    </if>
    <if test="claimId != null and claimId !='' ">
    	 and claim_apply_id = #{claimId,jdbcType=VARCHAR}
    </if>
    <if test="idDel != null">
    	 and is_del = #{idDel,jdbcType=INTEGER}
    </if>
    <if test="unchecked != null and unchecked == 0">
    	 and is_clear is NULL 
    </if>
  </select>
  
</mapper>