<?xml version="1.0" encoding="UTF-8" ?>
<!DOCTYPE mapper PUBLIC "-//mybatis.org//DTD Mapper 3.0//EN" "http://mybatis.org/dtd/mybatis-3-mapper.dtd" >
<mapper namespace="com.qucai.kp.api.dao.ClaimApplyDao" >
  <resultMap id="BaseResultMap" type="com.qucai.kp.entity.ClaimApply" >
    <id column="id" property="id" jdbcType="VARCHAR" />
    <result column="claim_no" property="claimNo" jdbcType="VARCHAR" />
    <result column="policy_id" property="policyId" jdbcType="VARCHAR" />
    <result column="claim_type" property="claimType" jdbcType="VARCHAR" />
    <result column="applier" property="applier" jdbcType="VARCHAR" />
    <result column="mobile" property="mobile" jdbcType="VARCHAR" />
    <result column="email" property="email" jdbcType="VARCHAR" />
    <result column="bank_name" property="bankName" jdbcType="VARCHAR" />
    <result column="bank_account" property="bankAccount" jdbcType="VARCHAR" />
    <result column="bank_card" property="bankCard" jdbcType="VARCHAR" />
    <result column="apply_date" property="applyDate" jdbcType="TIMESTAMP" />
    <result column="is_claim_need_file" property="isClaimNeedFile" jdbcType="INTEGER" />
    <result column="status" property="status" jdbcType="INTEGER" />
    <result column="file_recieve_status" property="fileRecieveStatus" jdbcType="INTEGER" />
    <result column="is_disease_verify" property="isDiseaseVerify" jdbcType="INTEGER" />
    <result column="remark" property="remark" jdbcType="VARCHAR" />
    <result column="verify_remark" property="verifyRemark" jdbcType="VARCHAR" />
    <result column="creator" property="creator" jdbcType="VARCHAR" />
    <result column="create_time" property="createTime" jdbcType="TIMESTAMP" />
    <result column="modifier" property="modifier" jdbcType="VARCHAR" />
    <result column="modify_time" property="modifyTime" jdbcType="TIMESTAMP" />
  </resultMap>
  <resultMap id="ClaimApplyVoMap" type="com.qucai.kp.api.vo.ClaimApplyVo"  extends="BaseResultMap">
  	<result column="policyOwnerName" property="policyOwnerName" jdbcType="VARCHAR" />
  	<result column="planName" property="planName" jdbcType="VARCHAR" />
  	<result column="startDate" property="startDate" jdbcType="TIMESTAMP" />
  	<result column="endDate" property="endDate" jdbcType="TIMESTAMP" />
  	<result column="planId" property="planId" jdbcType="VARCHAR" />
  	<result column="policyId" property="policyId" jdbcType="VARCHAR" />
  </resultMap>
  <resultMap id="ProveinceAndCityVoMap" type="com.qucai.kp.api.vo.ProveinceAndCityVo" >
  	<result column="proveince" property="proveince" jdbcType="VARCHAR" />
  	<result column="city" property="city" jdbcType="VARCHAR" />
  </resultMap>
  
  <sql id="Base_Column_List" >
    a.id, a.claim_no, a.policy_id, a.claim_type, a.applier, a.mobile, a.email, a.bank_name, a.bank_account, 
    a.bank_card, a.apply_date, a.is_claim_need_file, a.status, a.file_recieve_status,a.is_disease_verify, a.remark, a.verify_remark,a.creator, 
    a.create_time, a.modifier, a.modify_time
  </sql>
  <select id="selectByPrimaryKey" resultMap="BaseResultMap" parameterType="java.lang.String" >
    select 
    <include refid="Base_Column_List" />
    from t_claim_apply a
    where id = #{id,jdbcType=VARCHAR}
  </select>
  <delete id="deleteByPrimaryKey" parameterType="java.lang.String" >
    delete from t_claim_apply
    where id = #{id,jdbcType=VARCHAR}
  </delete>
  <insert id="insertSelective" parameterType="com.qucai.kp.entity.ClaimApply" >
    insert into t_claim_apply
    <trim prefix="(" suffix=")" suffixOverrides="," >
      <if test="id != null" >
        id,
      </if>
      <if test="claimNo != null" >
        claim_no,
      </if>
      <if test="policyId != null" >
        policy_id,
      </if>
      <if test="claimType != null" >
        claim_type,
      </if>
      <if test="applier != null" >
        applier,
      </if>
      <if test="mobile != null" >
        mobile,
      </if>
      <if test="email != null" >
        email,
      </if>
      <if test="bankName != null" >
        bank_name,
      </if>
      <if test="bankAccount != null" >
        bank_account,
      </if>
      <if test="bankCard != null" >
        bank_card,
      </if>
      <if test="applyDate != null" >
        apply_date,
      </if>
      <if test="isClaimNeedFile != null" >
        is_claim_need_file,
      </if>
      <if test="status != null" >
        status,
      </if>
      <if test="fileRecieveStatus != null" >
        file_recieve_status,
      </if>
      <if test="isDiseaseVerify != null" >
        is_disease_verify,
      </if>
      <if test="remark != null" >
        remark,
      </if>
      <if test="verifyRemark != null" >
        verify_remark,
      </if>
      <if test="creator != null" >
        creator,
      </if>
      <if test="createTime != null" >
        create_time,
      </if>
      <if test="modifier != null" >
        modifier,
      </if>
      <if test="modifyTime != null" >
        modify_time,
      </if>
    </trim>
    <trim prefix="values (" suffix=")" suffixOverrides="," >
      <if test="id != null" >
        #{id,jdbcType=VARCHAR},
      </if>
      <if test="claimNo != null" >
        #{claimNo,jdbcType=VARCHAR},
      </if>
      <if test="policyId != null" >
        #{policyId,jdbcType=VARCHAR},
      </if>
      <if test="claimType != null" >
        #{claimType,jdbcType=VARCHAR},
      </if>
      <if test="applier != null" >
        #{applier,jdbcType=VARCHAR},
      </if>
      <if test="mobile != null" >
        #{mobile,jdbcType=VARCHAR},
      </if>
      <if test="email != null" >
        #{email,jdbcType=VARCHAR},
      </if>
      <if test="bankName != null" >
        #{bankName,jdbcType=VARCHAR},
      </if>
      <if test="bankAccount != null" >
        #{bankAccount,jdbcType=VARCHAR},
      </if>
      <if test="bankCard != null" >
        #{bankCard,jdbcType=VARCHAR},
      </if>
      <if test="applyDate != null" >
        #{applyDate,jdbcType=TIMESTAMP},
      </if>
      <if test="isClaimNeedFile != null" >
        #{isClaimNeedFile,jdbcType=INTEGER},
      </if>
      <if test="status != null" >
        #{status,jdbcType=INTEGER},
      </if>
      <if test="fileRecieveStatus != null" >
        #{fileRecieveStatus,jdbcType=INTEGER},
      </if>
      <if test="isDiseaseVerify != null" >
        #{isDiseaseVerify,jdbcType=INTEGER},
      </if>
      <if test="remark != null" >
        #{remark,jdbcType=VARCHAR},
      </if>
      <if test="verifyRemark != null" >
        #{verifyRemark,jdbcType=VARCHAR},
      </if>
      <if test="creator != null" >
        #{creator,jdbcType=VARCHAR},
      </if>
      <if test="createTime != null" >
        #{createTime,jdbcType=TIMESTAMP},
      </if>
      <if test="modifier != null" >
        #{modifier,jdbcType=VARCHAR},
      </if>
      <if test="modifyTime != null" >
        #{modifyTime,jdbcType=TIMESTAMP},
      </if>
    </trim>
  </insert>
  <update id="updateByPrimaryKeySelective" parameterType="com.qucai.kp.entity.ClaimApply" >
    update t_claim_apply
    <set >
      <if test="claimNo != null" >
        claim_no = #{claimNo,jdbcType=VARCHAR},
      </if>
      <if test="policyId != null" >
        policy_id = #{policyId,jdbcType=VARCHAR},
      </if>
      <if test="claimType != null" >
        claim_type = #{claimType,jdbcType=VARCHAR},
      </if>
      <if test="applier != null" >
        applier = #{applier,jdbcType=VARCHAR},
      </if>
      <if test="mobile != null" >
        mobile = #{mobile,jdbcType=VARCHAR},
      </if>
      <if test="email != null" >
        email = #{email,jdbcType=VARCHAR},
      </if>
      <if test="bankName != null" >
        bank_name = #{bankName,jdbcType=VARCHAR},
      </if>
      <if test="bankAccount != null" >
        bank_account = #{bankAccount,jdbcType=VARCHAR},
      </if>
      <if test="bankCard != null" >
        bank_card = #{bankCard,jdbcType=VARCHAR},
      </if>
      <if test="applyDate != null" >
        apply_date = #{applyDate,jdbcType=TIMESTAMP},
      </if>
      <if test="isClaimNeedFile != null" >
        is_claim_need_file = #{isClaimNeedFile,jdbcType=INTEGER},
      </if>
      <if test="status != null" >
        status = #{status,jdbcType=INTEGER},
      </if>
      <if test="fileRecieveStatus != null" >
        file_recieve_status = #{fileRecieveStatus,jdbcType=INTEGER},
      </if>
      <if test="isDiseaseVerify != null" >
        is_disease_verify = #{isDiseaseVerify,jdbcType=INTEGER},
      </if>
      <if test="remark != null" >
        remark = #{remark,jdbcType=VARCHAR},
      </if>
      <if test="verifyRemark != null" >
        verify_remark = #{verifyRemark,jdbcType=VARCHAR},
      </if>
      <if test="creator != null" >
        creator = #{creator,jdbcType=VARCHAR},
      </if>
      <if test="createTime != null" >
        create_time = #{createTime,jdbcType=TIMESTAMP},
      </if>
      <if test="modifier != null" >
        modifier = #{modifier,jdbcType=VARCHAR},
      </if>
      <if test="modifyTime != null" >
        modify_time = #{modifyTime,jdbcType=TIMESTAMP},
      </if>
    </set>
    where id = #{id,jdbcType=VARCHAR}
  </update>
  <select id="findClaimApplyVoMap" resultMap="ClaimApplyVoMap" parameterType="java.util.Map" >
    select 
    <include refid="Base_Column_List" />,
    d.name as policyOwnerName,
    c.`name` as planName ,
    c.id as planId
    from t_claim_apply a
    LEFT JOIN t_policy b on a.policy_id = b.id
    LEFT JOIN  t_insured d ON b.insured_id = d.id 
    LEFT JOIN t_plan c on c.id = b.plan_id
    where 1=1
    <if test="claimId != null and claimId!='' " >
    	and a.id = #{claimId,jdbcType=VARCHAR}
    </if>
    <if	test="creator != null and creator!='' ">
    	and a.creator =#{creator,jdbcType=VARCHAR}
    </if>
	<if	test="statusBig != null and statusBig == 1 ">
		and (a.`status` != 63 and a.`status` != -1 and a.`status` != 100 and a.`status` != 0 )
	</if>
	<if	test="statusBig != null and statusBig == 2 ">
		and (a.`status` = 63 or a.`status` = 100 or a.`status` = -1 )
	</if>
	<if test = " status !=null " >
	 	and a.`status`= #{status , jdbcType=INTEGER}
	</if>
	<if test = " fileRecieveStatus !=null " >
	 	and a.`file_recieve_status`= #{fileRecieveStatus , jdbcType=INTEGER}
	</if>
	
	ORDER BY
	<if	test="statusBig != null and statusBig == 1 ">
		(a.`status` = '11' or a.`status` ='13') desc ,
		file_recieve_status= 0 desc ,
	</if>
	<if	test="statusBig != null and statusBig == 2 ">
		a.`status` = '-1' desc,
	</if>
	 a.create_time desc
  </select>
  
  <select id="findPolicyList" resultMap="ClaimApplyVoMap" parameterType="java.util.Map" >
    select 
    tp.plan_id as planId,
    tp.id as policyId,
	tp.start_date AS startDate,
	tp.end_date AS endDate,
	ti.`name` AS policyOwnerName
	FROM t_policy tp
	LEFT JOIN t_insured ti ON tp.insured_id = ti.id
	WHERE 1=1
	AND tp.policy_no = #{policyNo,jdbcType=VARCHAR}
	ORDER BY tp.create_time desc
  </select>
  
   <select id="findProveinceAndCity" resultMap="ProveinceAndCityVoMap" parameterType="java.lang.String" >
	select 
	b.policy_province as proveince ,
	b.policy_city  as city
	from 
	t_claim_apply a 
	LEFT JOIN t_policy  b on a.policy_id = b.id
	where a.id = #{claimId,jdbcType=VARCHAR}
	</select>
	<select id="findApprovedInfo" resultType="com.qucai.kp.api.vo.ApprovedInfo" parameterType="java.lang.String" >
		SELECT
		sum(b.total) as  totalMoney,
		sum(c.refused_money) as refusedMoney,
		sum(c.approved_money) as approvedMoney,
		sum(c.used_allow_money) as usedAllowMoney
		FROM t_claim_apply a 
		LEFT JOIN t_claim_receipt b on a.id = b.claim_apply_id
		LEFT JOIN t_claim_settlement c on b.id =c.claim_receipt_id
		WHERE a.id = #{claimId,jdbcType=VARCHAR}
	</select>
</mapper>