<?xml version="1.0" encoding="UTF-8" ?>
<!DOCTYPE mapper PUBLIC "-//mybatis.org//DTD Mapper 3.0//EN" "http://mybatis.org/dtd/mybatis-3-mapper.dtd" >
<mapper namespace="com.qucai.kp.api.dao.ConfigDao">

	<resultMap id="BaseResultMap" type="com.qucai.kp.entity.Config">
		<id column="id" property="id" jdbcType="VARCHAR" />
		<result column="ckey" property="ckey" jdbcType="VARCHAR" />
		<result column="cvalue" property="cvalue" jdbcType="VARCHAR" />
		<result column="status" property="status" jdbcType="INTEGER" />
		<result column="remark" property="remark" jdbcType="VARCHAR" />
	</resultMap>
	
	<sql id="Base_Column_List">
		id, ckey, cvalue, remark, status
	</sql>
	
	<select id="selectByPrimaryKey" resultMap="BaseResultMap"
		parameterType="java.lang.String">
		select
		<include refid="Base_Column_List" />
		from t_config
		where id = #{id,jdbcType=VARCHAR}
	</select>
	
	<delete id="deleteByPrimaryKey" parameterType="java.lang.String">
		delete from t_config
		where id = #{id,jdbcType=VARCHAR}
	</delete>
	
	<insert id="insertSelective" parameterType="com.qucai.kp.entity.Config">
		insert into t_config
		<trim prefix="(" suffix=")" suffixOverrides=",">
			<if test="id != null">
				id,
			</if>
			<if test="ckey != null">
				ckey,
			</if>
			<if test="cvalue != null">
				cvalue,
			</if>
			<if test="remark != null">
				remark,
			</if>
			<if test="status != null">
				status,
			</if>
		</trim>
		<trim prefix="values (" suffix=")" suffixOverrides=",">
			<if test="id != null">
				#{id,jdbcType=VARCHAR},
			</if>
			<if test="ckey != null">
				#{ckey,jdbcType=VARCHAR},
			</if>
			<if test="cvalue != null">
				#{cvalue,jdbcType=VARCHAR},
			</if>
			<if test="remark != null">
				#{remark,jdbcType=VARCHAR},
			</if>
			<if test="status != null">
				#{status,jdbcType=INTEGER},
			</if>
		</trim>
	</insert>
	
	<update id="updateByPrimaryKeySelective" parameterType="com.qucai.kp.entity.Config">
		update t_config
		<set>
			<if test="ckey != null">
				ckey = #{ckey,jdbcType=VARCHAR},
			</if>
			<if test="cvalue != null">
				cvalue = #{cvalue,jdbcType=VARCHAR},
			</if>
			<if test="remark != null">
				remark = #{remark,jdbcType=VARCHAR},
			</if>
			<if test="status != null">
				status = #{status,jdbcType=INTEGER},
			</if>
		</set>
		where id = #{id,jdbcType=VARCHAR}
	</update>
	
	<select id="findAllList" resultMap="BaseResultMap"
		parameterType="java.util.Map">
		select
		<include refid="Base_Column_List" />
		from t_config
		where 1=1
	</select>
	
</mapper>