<?xml version="1.0" encoding="UTF-8" ?>
<!DOCTYPE mapper PUBLIC "-//mybatis.org//DTD Mapper 3.0//EN" "http://mybatis.org/dtd/mybatis-3-mapper.dtd" >
<mapper namespace="com.qucai.kp.api.dao.DictDao">

	<resultMap id="BaseResultMap" type="com.qucai.kp.entity.Dict">
		<id column="id" property="id" jdbcType="VARCHAR" />
		<result column="dvalue" property="dvalue" jdbcType="VARCHAR" />
		<result column="dlabel" property="dlabel" jdbcType="VARCHAR" />
		<result column="type" property="type" jdbcType="VARCHAR" />
		<result column="remark" property="remark" jdbcType="VARCHAR" />
	</resultMap>
	
	<sql id="Base_Column_List">
		id, dvalue, dlabel, type, remark
	</sql>
	
	<select id="findAllList" resultMap="BaseResultMap"
		parameterType="java.util.Map">
		select
		<include refid="Base_Column_List" />
		from t_dict
		where 1=1
		<if test="type != null and type != ''">
			and type = #{type,jdbcType=VARCHAR}
		</if>
		order by type, dvalue
	</select>
	
	<select id="findDictAllList" resultMap="BaseResultMap"
		parameterType="java.util.Map">
		select
		<include refid="Base_Column_List" />
		from t_dict
		where 1=1
		<if test="type != null and type != ''">
			and type IN
			<foreach  
                collection="type"  
                item="a"  
                open="("  
                separator=","  
                close=")">  
                #{a,jdbcType=VARCHAR}
            </foreach>
		</if>
		<if test="subType != null and subType != ''">
			or  type like CONCAT('%',#{subType,jdbcType=VARCHAR},'%')
		</if>
		order by type, dvalue
	</select>
	
</mapper>