<?xml version="1.0" encoding="UTF-8" ?>
<!DOCTYPE mapper PUBLIC "-//mybatis.org//DTD Mapper 3.0//EN" "http://mybatis.org/dtd/mybatis-3-mapper.dtd" >
<mapper namespace="com.qucai.kp.api.dao.PlanImageVerifyRuleDao" >
  <resultMap id="BaseResultMap" type="com.qucai.kp.entity.PlanImageVerifyRule" >
    <id column="id" property="id" jdbcType="VARCHAR" />
    <result column="plan_id" property="planId" jdbcType="VARCHAR" />
    <result column="claim_type" property="claimType" jdbcType="VARCHAR" />
    <result column="image_type" property="imageType" jdbcType="VARCHAR" />
    <result column="is_master_copy" property="isMasterCopy" jdbcType="INTEGER" />
    <result column="is_clear" property="isClear" jdbcType="INTEGER" />
    <result column="expression" property="expression" jdbcType="VARCHAR" />
    <result column="remark" property="remark" jdbcType="VARCHAR" />
    <result column="creator" property="creator" jdbcType="VARCHAR" />
    <result column="create_time" property="createTime" jdbcType="TIMESTAMP" />
    <result column="modifier" property="modifier" jdbcType="VARCHAR" />
    <result column="modify_time" property="modifyTime" jdbcType="TIMESTAMP" />
  </resultMap>
 <sql id="Base_Column_List" >
    a.id, a.plan_id, a.claim_type, a.image_type, a.is_master_copy, a.is_clear, a.expression, a.remark, a.creator, a.create_time, a.modifier, a.modify_time
  </sql>
  <select id="selectByPrimaryKey" resultMap="BaseResultMap" parameterType="java.lang.String" >
    select 
    <include refid="Base_Column_List" />
    from t_plan_image_verify_rule a
    where a.id = #{id,jdbcType=VARCHAR}
  </select>
  <delete id="deleteByPrimaryKey" parameterType="java.lang.String" >
    delete from t_plan_image_verify_rule
    where id = #{id,jdbcType=VARCHAR}
  </delete>
  <insert id="insertSelective" parameterType="com.qucai.kp.entity.PlanImageVerifyRule" >
    insert into t_plan_image_verify_rule
    <trim prefix="(" suffix=")" suffixOverrides="," >
      <if test="id != null" >
        id,
      </if>
      <if test="planId != null" >
        plan_id,
      </if>
      <if test="claimType != null" >
        claim_type,
      </if>
      <if test="imageType != null" >
        image_type,
      </if>
      <if test="isMasterCopy != null" >
        is_master_copy,
      </if>
      <if test="isClear != null" >
        is_clear,
      </if>
      <if test="expression != null" >
        expression,
      </if>
      <if test="remark != null" >
        remark,
      </if>
      <if test="creator != null" >
        creator,
      </if>
      <if test="createTime != null" >
        create_time,
      </if>
      <if test="modifier != null" >
        modifier,
      </if>
      <if test="modifyTime != null" >
        modify_time,
      </if>
    </trim>
    <trim prefix="values (" suffix=")" suffixOverrides="," >
      <if test="id != null" >
        #{id,jdbcType=VARCHAR},
      </if>
      <if test="planId != null" >
        #{planId,jdbcType=VARCHAR},
      </if>
      <if test="claimType != null" >
        #{claimType,jdbcType=VARCHAR},
      </if>
      <if test="imageType != null" >
        #{imageType,jdbcType=VARCHAR},
      </if>
      <if test="isMasterCopy != null" >
        #{isMasterCopy,jdbcType=INTEGER},
      </if>
      <if test="isClear != null" >
        #{isClear,jdbcType=INTEGER},
      </if>
      <if test="expression != null" >
        #{expression,jdbcType=VARCHAR},
      </if>
      <if test="remark != null" >
        #{remark,jdbcType=VARCHAR},
      </if>
      <if test="creator != null" >
        #{creator,jdbcType=VARCHAR},
      </if>
      <if test="createTime != null" >
        #{createTime,jdbcType=TIMESTAMP},
      </if>
      <if test="modifier != null" >
        #{modifier,jdbcType=VARCHAR},
      </if>
      <if test="modifyTime != null" >
        #{modifyTime,jdbcType=TIMESTAMP},
      </if>
    </trim>
  </insert>
  <update id="updateByPrimaryKeySelective" parameterType="com.qucai.kp.entity.PlanImageVerifyRule" >
    update t_plan_image_verify_rule
    <set >
      <if test="planId != null" >
        plan_id = #{planId,jdbcType=VARCHAR},
      </if>
      <if test="claimType != null" >
        claim_type = #{claimType,jdbcType=VARCHAR},
      </if>
      <if test="imageType != null" >
        image_type = #{imageType,jdbcType=VARCHAR},
      </if>
      <if test="isMasterCopy != null" >
        is_master_copy = #{isMasterCopy,jdbcType=INTEGER},
      </if>
      <if test="isClear != null" >
        is_clear = #{isClear,jdbcType=INTEGER},
      </if>
      <if test="expression != null" >
        expression = #{expression,jdbcType=VARCHAR},
      </if>
      <if test="remark != null" >
        remark = #{remark,jdbcType=VARCHAR},
      </if>
      <if test="creator != null" >
        creator = #{creator,jdbcType=VARCHAR},
      </if>
      <if test="createTime != null" >
        create_time = #{createTime,jdbcType=TIMESTAMP},
      </if>
      <if test="modifier != null" >
        modifier = #{modifier,jdbcType=VARCHAR},
      </if>
      <if test="modifyTime != null" >
        modify_time = #{modifyTime,jdbcType=TIMESTAMP},
      </if>
    </set>
    where id = #{id,jdbcType=VARCHAR}
  </update>
  <select id="findRule" resultMap="BaseResultMap" parameterType="java.util.Map" >
    select 
    <include refid="Base_Column_List" />
    from t_plan_image_verify_rule a
	LEFT JOIN t_policy b on a.plan_id = b.plan_id
	where
	1=1
	<if test="policyId != null and policyId != '' ">
		and b.id =  #{policyId,jdbcType=VARCHAR}
	</if>
	<if test="claimType != null ">
		and claim_type = #{claimType,jdbcType=INTEGER}
	</if>
	
  </select>
   <select id="findRuleVo" resultType="com.qucai.kp.api.vo.RuleVo" parameterType="java.util.Map" >
    select 
    c.dvalue as dvalue,
    c.dlabel as dlabel
    from t_plan_image_verify_rule a
	LEFT JOIN t_policy b on a.plan_id = b.plan_id
	left JOIN t_dict c on c.dvalue = a.image_type and  c.type='image_type'
	where
	1=1
	<if test="policyId != null and policyId != '' ">
		and b.id =  #{policyId,jdbcType=VARCHAR}
	</if>
	<if test="claimType != null ">
		and claim_type = #{claimType,jdbcType=INTEGER}
	</if>
	
  </select>
</mapper>