<?xml version="1.0" encoding="UTF-8" ?>
<!DOCTYPE mapper PUBLIC "-//mybatis.org//DTD Mapper 3.0//EN" "http://mybatis.org/dtd/mybatis-3-mapper.dtd" >
<mapper namespace="com.qucai.kp.api.dao.PlanAddressDao" >
  <resultMap id="BaseResultMap" type="com.qucai.kp.entity.PlanAddress" >
    <id column="id" property="id" jdbcType="VARCHAR" />
    <result column="plan_id" property="planId" jdbcType="VARCHAR" />
    <result column="province" property="province" jdbcType="VARCHAR" />
    <result column="city" property="city" jdbcType="VARCHAR" />
    <result column="district" property="district" jdbcType="VARCHAR" />
    <result column="full_address" property="fullAddress" jdbcType="VARCHAR" />
    <result column="company_name" property="companyName" jdbcType="VARCHAR" />
    <result column="contactor" property="contactor" jdbcType="VARCHAR" />
    <result column="mobile" property="mobile" jdbcType="VARCHAR" />
    <result column="telephone" property="telephone" jdbcType="VARCHAR" />
    <result column="working_time" property="workingTime" jdbcType="VARCHAR" />
    <result column="type" property="type" jdbcType="INTEGER" />
    <result column="is_resident" property="isResident" jdbcType="INTEGER" />
    <result column="is_express" property="isExpress" jdbcType="INTEGER" />
    <result column="remark" property="remark" jdbcType="VARCHAR" />
    <result column="creator" property="creator" jdbcType="VARCHAR" />
    <result column="create_time" property="createTime" jdbcType="TIMESTAMP" />
    <result column="modifier" property="modifier" jdbcType="VARCHAR" />
    <result column="modify_time" property="modifyTime" jdbcType="TIMESTAMP" />
  </resultMap>
  <resultMap id="PlanAddressVoMap" type="com.qucai.kp.api.vo.PlanAddressVo" extends="BaseResultMap" >
   	<result column="provinceName" property="provinceName" jdbcType="VARCHAR" />
    <result column="cityName" property="cityName" jdbcType="VARCHAR" />
    <result column="districtName" property="districtName" jdbcType="VARCHAR" />
  </resultMap>
  <sql id="Base_Column_List" >
    a.id, a.plan_id, a.province, a.city, a.district, a.full_address, a.company_name, a.contactor, a.mobile, 
    a.telephone, a.working_time, a.type, a.is_resident, a.is_express, a.remark, a.creator, a.create_time, 
    a.modifier, a.modify_time
  </sql>
  <select id="selectByPrimaryKey" resultMap="BaseResultMap" parameterType="java.lang.String" >
    select 
    <include refid="Base_Column_List" />
    from t_plan_address a 
    where id = #{id,jdbcType=VARCHAR}
  </select>
  <delete id="deleteByPrimaryKey" parameterType="java.lang.String" >
    delete from t_plan_address
    where id = #{id,jdbcType=VARCHAR}
  </delete>
  <insert id="insertSelective" parameterType="com.qucai.kp.entity.PlanAddress" >
    insert into t_plan_address
    <trim prefix="(" suffix=")" suffixOverrides="," >
      <if test="id != null" >
        id,
      </if>
      <if test="planId != null" >
        plan_id,
      </if>
      <if test="province != null" >
        province,
      </if>
      <if test="city != null" >
        city,
      </if>
      <if test="district != null" >
        district,
      </if>
      <if test="fullAddress != null" >
        full_address,
      </if>
      <if test="companyName != null" >
        company_name,
      </if>
      <if test="contactor != null" >
        contactor,
      </if>
      <if test="mobile != null" >
        mobile,
      </if>
      <if test="telephone != null" >
        telephone,
      </if>
      <if test="workingTime != null" >
        working_time,
      </if>
      <if test="type != null" >
        type,
      </if>
      <if test="isResident != null" >
        is_resident,
      </if>
      <if test="isExpress != null" >
        is_express,
      </if>
      <if test="remark != null" >
        remark,
      </if>
      <if test="creator != null" >
        creator,
      </if>
      <if test="createTime != null" >
        create_time,
      </if>
      <if test="modifier != null" >
        modifier,
      </if>
      <if test="modifyTime != null" >
        modify_time,
      </if>
    </trim>
    <trim prefix="values (" suffix=")" suffixOverrides="," >
      <if test="id != null" >
        #{id,jdbcType=VARCHAR},
      </if>
      <if test="planId != null" >
        #{planId,jdbcType=VARCHAR},
      </if>
      <if test="province != null" >
        #{province,jdbcType=VARCHAR},
      </if>
      <if test="city != null" >
        #{city,jdbcType=VARCHAR},
      </if>
      <if test="district != null" >
        #{district,jdbcType=VARCHAR},
      </if>
      <if test="fullAddress != null" >
        #{fullAddress,jdbcType=VARCHAR},
      </if>
      <if test="companyName != null" >
        #{companyName,jdbcType=VARCHAR},
      </if>
      <if test="contactor != null" >
        #{contactor,jdbcType=VARCHAR},
      </if>
      <if test="mobile != null" >
        #{mobile,jdbcType=VARCHAR},
      </if>
      <if test="telephone != null" >
        #{telephone,jdbcType=VARCHAR},
      </if>
      <if test="workingTime != null" >
        #{workingTime,jdbcType=VARCHAR},
      </if>
      <if test="type != null" >
        #{type,jdbcType=INTEGER},
      </if>
      <if test="isResident != null" >
        #{isResident,jdbcType=INTEGER},
      </if>
      <if test="isExpress != null" >
        #{isExpress,jdbcType=INTEGER},
      </if>
      <if test="remark != null" >
        #{remark,jdbcType=VARCHAR},
      </if>
      <if test="creator != null" >
        #{creator,jdbcType=VARCHAR},
      </if>
      <if test="createTime != null" >
        #{createTime,jdbcType=TIMESTAMP},
      </if>
      <if test="modifier != null" >
        #{modifier,jdbcType=VARCHAR},
      </if>
      <if test="modifyTime != null" >
        #{modifyTime,jdbcType=TIMESTAMP},
      </if>
    </trim>
  </insert>
  <update id="updateByPrimaryKeySelective" parameterType="com.qucai.kp.entity.PlanAddress" >
    update t_plan_address
    <set >
      <if test="planId != null" >
        plan_id = #{planId,jdbcType=VARCHAR},
      </if>
      <if test="province != null" >
        province = #{province,jdbcType=VARCHAR},
      </if>
      <if test="city != null" >
        city = #{city,jdbcType=VARCHAR},
      </if>
      <if test="district != null" >
        district = #{district,jdbcType=VARCHAR},
      </if>
      <if test="fullAddress != null" >
        full_address = #{fullAddress,jdbcType=VARCHAR},
      </if>
      <if test="companyName != null" >
        company_name = #{companyName,jdbcType=VARCHAR},
      </if>
      <if test="contactor != null" >
        contactor = #{contactor,jdbcType=VARCHAR},
      </if>
      <if test="mobile != null" >
        mobile = #{mobile,jdbcType=VARCHAR},
      </if>
      <if test="telephone != null" >
        telephone = #{telephone,jdbcType=VARCHAR},
      </if>
      <if test="workingTime != null" >
        working_time = #{workingTime,jdbcType=VARCHAR},
      </if>
      <if test="type != null" >
        type = #{type,jdbcType=INTEGER},
      </if>
      <if test="isResident != null" >
        is_resident = #{isResident,jdbcType=INTEGER},
      </if>
      <if test="isExpress != null" >
        is_express = #{isExpress,jdbcType=INTEGER},
      </if>
      <if test="remark != null" >
        remark = #{remark,jdbcType=VARCHAR},
      </if>
      <if test="creator != null" >
        creator = #{creator,jdbcType=VARCHAR},
      </if>
      <if test="createTime != null" >
        create_time = #{createTime,jdbcType=TIMESTAMP},
      </if>
      <if test="modifier != null" >
        modifier = #{modifier,jdbcType=VARCHAR},
      </if>
      <if test="modifyTime != null" >
        modify_time = #{modifyTime,jdbcType=TIMESTAMP},
      </if>
    </set>
    where id = #{id,jdbcType=VARCHAR}
  </update>
  <select id="findPlanAddressVoList" resultMap="PlanAddressVoMap" parameterType="java.util.Map" >
    select 
    <include refid="Base_Column_List" />,
    b.`name` as provinceName ,
    c.`name` as cityName ,
    d.`name` as districtName
    from t_plan_address a
	LEFT JOIN t_area b on a.province = b.id
	LEFT JOIN t_area c on a.city = c.id
	LEFT JOIN t_area d on a.district = d.id
    where 1=1
    <if test = "planId != null and planId != '' ">
   		 and plan_id = #{planId,jdbcType=VARCHAR}
    </if>
    <if test = "province != null and province != '' ">
   		and province = #{province,jdbcType=VARCHAR}
    </if>
    <if test = "city != null and city != '' ">
   		and city = #{city,jdbcType=VARCHAR}
    </if>
    
  </select>
  
</mapper>