<?xml version="1.0" encoding="UTF-8" ?>
<!DOCTYPE mapper PUBLIC "-//mybatis.org//DTD Mapper 3.0//EN" "http://mybatis.org/dtd/mybatis-3-mapper.dtd" >
<mapper namespace="com.qucai.kp.api.dao.QandaTopicDao">

	<resultMap id="BaseResultMap" type="com.qucai.kp.entity.QandaTopic">
		<id column="id" property="id" jdbcType="VARCHAR" />
		<result column="type" property="type" jdbcType="VARCHAR" />
		<result column="subitem" property="subitem" jdbcType="VARCHAR" />
		<result column="mobile" property="mobile" jdbcType="VARCHAR" />
		<result column="email" property="email" jdbcType="VARCHAR" />
		<result column="title" property="title" jdbcType="VARCHAR" />
		<result column="status" property="status" jdbcType="INTEGER" />
		<result column="creator" property="creator" jdbcType="VARCHAR" />
		<result column="create_time" property="createTime" jdbcType="TIMESTAMP" />
	</resultMap>
	
	<resultMap id="QandaTopicVoMap" type="com.qucai.kp.api.vo.QandaTopicVo" extends="BaseResultMap">
		<result column="typeStr" property="typeStr" jdbcType="VARCHAR" />
		<result column="subitemStr" property="subitemStr" jdbcType="VARCHAR" />
	</resultMap>

	<sql id="Base_Column_List">
		a.id, a.type, a.subitem, a.mobile, a.email, a.title,
		a.status, a.creator, a.create_time
	</sql>

	<select id="selectByPrimaryKey" resultMap="BaseResultMap"
		parameterType="java.lang.String">
		select
		<include refid="Base_Column_List" />
		from t_qanda_topic a
		where a.id = #{id,jdbcType=VARCHAR}
	</select>

	<delete id="deleteByPrimaryKey" parameterType="java.lang.String">
		delete from
		t_qanda_topic
		where id = #{id,jdbcType=VARCHAR}
	</delete>

	<insert id="insertSelective" parameterType="com.qucai.kp.entity.QandaTopic">
		insert into t_qanda_topic
		<trim prefix="(" suffix=")" suffixOverrides=",">
			<if test="id != null">
				id,
			</if>
			<if test="type != null">
				type,
			</if>
			<if test="subitem != null">
				subitem,
			</if>
			<if test="mobile != null">
				mobile,
			</if>
			<if test="email != null">
				email,
			</if>
			<if test="title != null">
				title,
			</if>
			<if test="status != null">
				status,
			</if>
			<if test="creator != null">
				creator,
			</if>
			<if test="createTime != null">
				create_time,
			</if>
		</trim>
		<trim prefix="values (" suffix=")" suffixOverrides=",">
			<if test="id != null">
				#{id,jdbcType=VARCHAR},
			</if>
			<if test="type != null">
				#{type,jdbcType=VARCHAR},
			</if>
			<if test="subitem != null">
				#{subitem,jdbcType=VARCHAR},
			</if>
			<if test="mobile != null">
				#{mobile,jdbcType=VARCHAR},
			</if>
			<if test="email != null">
				#{email,jdbcType=VARCHAR},
			</if>
			<if test="title != null">
				#{title,jdbcType=VARCHAR},
			</if>
			<if test="status != null">
				#{status,jdbcType=INTEGER},
			</if>
			<if test="creator != null">
				#{creator,jdbcType=VARCHAR},
			</if>
			<if test="createTime != null">
				#{createTime,jdbcType=TIMESTAMP},
			</if>
		</trim>
	</insert>

	<update id="updateByPrimaryKeySelective" parameterType="com.qucai.kp.entity.QandaTopic">
		update t_qanda_topic
		<set>
			<if test="type != null">
				type = #{type,jdbcType=VARCHAR},
			</if>
			<if test="subitem != null">
				subitem = #{subitem,jdbcType=VARCHAR},
			</if>
			<if test="mobile != null">
				mobile = #{mobile,jdbcType=VARCHAR},
			</if>
			<if test="email != null">
				email = #{email,jdbcType=VARCHAR},
			</if>
			<if test="title != null">
				title = #{title,jdbcType=VARCHAR},
			</if>
			<if test="status != null">
				status = #{status,jdbcType=INTEGER},
			</if>
			<if test="creator != null">
				creator = #{creator,jdbcType=VARCHAR},
			</if>
			<if test="createTime != null">
				create_time = #{createTime,jdbcType=TIMESTAMP},
			</if>
		</set>
		where id = #{id,jdbcType=VARCHAR}
	</update>

	<select id="findTopicListByUserId" resultMap="QandaTopicVoMap" parameterType="java.util.Map">
		SELECT 
		<include refid="Base_Column_List" />,
		(SELECT t.dlabel FROM t_dict t WHERE t.dvalue = a.type AND t.type = 'qanda_type') typeStr,
		(SELECT td.dlabel FROM t_dict td WHERE td.dvalue = a.subitem AND td.type = concat('qanda_subitem_', a.type)) subitemStr
		FROM
			t_qanda_topic a
		WHERE 1=1
		<if test="userId != null and userId != ''">
			and a.creator = #{userId,jdbcType=VARCHAR}
		</if>
		order by a.create_time desc
	</select>

</mapper>