<?xml version="1.0" encoding="UTF-8" ?>
<!DOCTYPE mapper PUBLIC "-//mybatis.org//DTD Mapper 3.0//EN" "http://mybatis.org/dtd/mybatis-3-mapper.dtd" >
<mapper namespace="com.qucai.kp.api.dao.QandaContentDao">

	<resultMap id="BaseResultMap" type="com.qucai.kp.entity.QandaContent">
		<id column="id" property="id" jdbcType="VARCHAR" />
		<result column="qanda_topic_id" property="qandaTopicId"
			jdbcType="VARCHAR" />
		<result column="content" property="content" jdbcType="VARCHAR" />
		<result column="is_user_msg" property="isUserMsg" jdbcType="INTEGER" />
		<result column="creator" property="creator" jdbcType="VARCHAR" />
		<result column="create_time" property="createTime" jdbcType="TIMESTAMP" />
	</resultMap>
	
	<sql id="Base_Column_List">
		a.id, a.qanda_topic_id, a.content, a.is_user_msg, a.creator, a.create_time
	</sql>
	
	<select id="selectByPrimaryKey" resultMap="BaseResultMap"
		parameterType="java.lang.String">
		select
		<include refid="Base_Column_List" />
		from t_qanda_content a
		where a.id = #{id,jdbcType=VARCHAR}
	</select>
	
	<delete id="deleteByPrimaryKey" parameterType="java.lang.String">
		delete from t_qanda_content
		where id = #{id,jdbcType=VARCHAR}
	</delete>
	
	<insert id="insertSelective" parameterType="com.qucai.kp.entity.QandaContent">
		insert into t_qanda_content
		<trim prefix="(" suffix=")" suffixOverrides=",">
			<if test="id != null">
				id,
			</if>
			<if test="qandaTopicId != null">
				qanda_topic_id,
			</if>
			<if test="content != null">
				content,
			</if>
			<if test="isUserMsg != null">
				is_user_msg,
			</if>
			<if test="creator != null">
				creator,
			</if>
			<if test="createTime != null">
				create_time,
			</if>
		</trim>
		<trim prefix="values (" suffix=")" suffixOverrides=",">
			<if test="id != null">
				#{id,jdbcType=VARCHAR},
			</if>
			<if test="qandaTopicId != null">
				#{qandaTopicId,jdbcType=VARCHAR},
			</if>
			<if test="content != null">
				#{content,jdbcType=VARCHAR},
			</if>
			<if test="isUserMsg != null">
				#{isUserMsg,jdbcType=INTEGER},
			</if>
			<if test="creator != null">
				#{creator,jdbcType=VARCHAR},
			</if>
			<if test="createTime != null">
				#{createTime,jdbcType=TIMESTAMP},
			</if>
		</trim>
	</insert>
	
	<update id="updateByPrimaryKeySelective" parameterType="com.qucai.kp.entity.QandaContent">
		update t_qanda_content
		<set>
			<if test="qandaTopicId != null">
				qanda_topic_id = #{qandaTopicId,jdbcType=VARCHAR},
			</if>
			<if test="content != null">
				content = #{content,jdbcType=VARCHAR},
			</if>
			<if test="isUserMsg != null">
				is_user_msg = #{isUserMsg,jdbcType=INTEGER},
			</if>
			<if test="creator != null">
				creator = #{creator,jdbcType=VARCHAR},
			</if>
			<if test="createTime != null">
				create_time = #{createTime,jdbcType=TIMESTAMP},
			</if>
		</set>
		where id = #{id,jdbcType=VARCHAR}
	</update>
	
	<select id="findContentListByTopicId" resultMap="BaseResultMap" parameterType="java.lang.String">
		select
		<include refid="Base_Column_List" />
		from t_qanda_content a
		where a.qanda_topic_id = #{topicId,jdbcType=VARCHAR}
		ORDER BY a.create_time ASC
	</select>
	
</mapper>