<?xml version="1.0" encoding="UTF-8" ?>
<!DOCTYPE mapper PUBLIC "-//mybatis.org//DTD Mapper 3.0//EN" "http://mybatis.org/dtd/mybatis-3-mapper.dtd" >
<mapper namespace="com.qucai.kp.api.dao.UserBankDao">
	<resultMap id="BaseResultMap" type="com.qucai.kp.entity.UserBank">
		<id column="id" property="id" jdbcType="VARCHAR" />
		<result column="user_id" property="userId" jdbcType="VARCHAR" />
		<result column="bank_name" property="bankName" jdbcType="VARCHAR" />
		<result column="bank_account" property="bankAccount" jdbcType="VARCHAR" />
		<result column="bank_card" property="bankCard" jdbcType="VARCHAR" />
		<result column="accountType" property="accounttype" jdbcType="VARCHAR" />
		<result column="accountImg" property="accountimg" jdbcType="VARCHAR" />
		<result column="remark" property="remark" jdbcType="VARCHAR" />
		<result column="isdefault" property="isdefault" jdbcType="INTEGER" />
		<result column="creator" property="creator" jdbcType="VARCHAR" />
		<result column="create_time" property="createTime" jdbcType="TIMESTAMP" />
		<result column="modifier" property="modifier" jdbcType="VARCHAR" />
		<result column="modify_time" property="modifyTime" jdbcType="TIMESTAMP" />
	</resultMap>
	<sql id="Base_Column_List">
		id, user_id, bank_name, bank_account, bank_card, accountType, accountImg,
		remark,
		isdefault, creator, create_time, modifier, modify_time
	</sql>
	<select id="selectByPrimaryKey" resultMap="BaseResultMap"
		parameterType="java.lang.String">
		select
		<include refid="Base_Column_List" />
		from t_user_bank
		where id = #{id,jdbcType=VARCHAR}
	</select>
	<delete id="deleteByPrimaryKey" parameterType="java.lang.String">
		delete from t_user_bank
		where id = #{id,jdbcType=VARCHAR}
	</delete>
	<insert id="insertSelective" parameterType="com.qucai.kp.entity.UserBank">
		insert into t_user_bank
		<trim prefix="(" suffix=")" suffixOverrides=",">
			<if test="id != null">
				id,
			</if>
			<if test="userId != null">
				user_id,
			</if>
			<if test="bankName != null">
				bank_name,
			</if>
			<if test="bankAccount != null">
				bank_account,
			</if>
			<if test="bankCard != null">
				bank_card,
			</if>
			<if test="accounttype != null">
				accountType,
			</if>
			<if test="accountimg != null">
				accountImg,
			</if>
			<if test="remark != null">
				remark,
			</if>
			<if test="isdefault != null">
				isdefault,
			</if>
			<if test="creator != null">
				creator,
			</if>
			<if test="createTime != null">
				create_time,
			</if>
			<if test="modifier != null">
				modifier,
			</if>
			<if test="modifyTime != null">
				modify_time,
			</if>
		</trim>
		<trim prefix="values (" suffix=")" suffixOverrides=",">
			<if test="id != null">
				#{id,jdbcType=VARCHAR},
			</if>
			<if test="userId != null">
				#{userId,jdbcType=VARCHAR},
			</if>
			<if test="bankName != null">
				#{bankName,jdbcType=VARCHAR},
			</if>
			<if test="bankAccount != null">
				#{bankAccount,jdbcType=VARCHAR},
			</if>
			<if test="bankCard != null">
				#{bankCard,jdbcType=VARCHAR},
			</if>
			<if test="accounttype != null">
				#{accounttype,jdbcType=VARCHAR},
			</if>
			<if test="accountimg != null">
				#{accountimg,jdbcType=VARCHAR},
			</if>
			<if test="remark != null">
				#{remark,jdbcType=VARCHAR},
			</if>
			<if test="isdefault != null">
				#{isdefault,jdbcType=INTEGER},
			</if>
			<if test="creator != null">
				#{creator,jdbcType=VARCHAR},
			</if>
			<if test="createTime != null">
				#{createTime,jdbcType=TIMESTAMP},
			</if>
			<if test="modifier != null">
				#{modifier,jdbcType=VARCHAR},
			</if>
			<if test="modifyTime != null">
				#{modifyTime,jdbcType=TIMESTAMP},
			</if>
		</trim>
	</insert>
	<update id="updateByPrimaryKeySelective" parameterType="com.qucai.kp.entity.UserBank">
		update t_user_bank
		<set>
			<if test="userId != null">
				user_id = #{userId,jdbcType=VARCHAR},
			</if>
			<if test="bankName != null">
				bank_name = #{bankName,jdbcType=VARCHAR},
			</if>
			<if test="bankAccount != null">
				bank_account = #{bankAccount,jdbcType=VARCHAR},
			</if>
			<if test="bankCard != null">
				bank_card = #{bankCard,jdbcType=VARCHAR},
			</if>
			<if test="accounttype != null">
				accountType = #{accounttype,jdbcType=VARCHAR},
			</if>
			<if test="accountimg != null">
				accountImg = #{accountimg,jdbcType=VARCHAR},
			</if>
			<if test="remark != null">
				remark = #{remark,jdbcType=VARCHAR},
			</if>
			<if test="isdefault != null">
				isdefault = #{isdefault,jdbcType=INTEGER},
			</if>
			<if test="creator != null">
				creator = #{creator,jdbcType=VARCHAR},
			</if>
			<if test="createTime != null">
				create_time = #{createTime,jdbcType=TIMESTAMP},
			</if>
			<if test="modifier != null">
				modifier = #{modifier,jdbcType=VARCHAR},
			</if>
			<if test="modifyTime != null">
				modify_time = #{modifyTime,jdbcType=TIMESTAMP},
			</if>
		</set>
		where id = #{id,jdbcType=VARCHAR}
	</update>
	<select id="findAllList" resultMap="BaseResultMap"
		parameterType="java.util.Map">
		select
		<include refid="Base_Column_List" />
		from t_user_bank a
		where 1=1
		<if test="userId != null and userId != ''">
			and a.user_id = #{userId,jdbcType=VARCHAR}
		</if>
		order by a.create_time
	</select>
	<update id="updateIsDefaultByUserId" parameterType="com.qucai.kp.entity.UserBank">
		update
		t_user_bank
		set isdefault = #{isdefault,jdbcType=INTEGER}
		where user_id
		= #{userId,jdbcType=VARCHAR}
	</update>
	<update id="updateIsDefaultByCreator" parameterType="java.lang.String">
		UPDATE `t_user_bank` set isdefault = 1   
		where id = 
		(SELECT id from  ( 
		     SELECT id FROM `t_user_bank` WHERE creator = #{creator,jdbcType=VARCHAR}  and isdefault != 1 LIMIT 0,1
		     ) as c)
	</update>
</mapper>