<?xml version="1.0" encoding="UTF-8"?>
<beans xmlns="http://www.springframework.org/schema/beans"
	xmlns:xsi="http://www.w3.org/2001/XMLSchema-instance" xmlns:context="http://www.springframework.org/schema/context"
	xmlns:mvc="http://www.springframework.org/schema/mvc"
	xsi:schemaLocation="http://www.springframework.org/schema/mvc http://www.springframework.org/schema/mvc/spring-mvc.xsd
		                   http://www.springframework.org/schema/beans http://www.springframework.org/schema/beans/spring-beans.xsd
		                   http://www.springframework.org/schema/context http://www.springframework.org/schema/context/spring-context.xsd"
	default-lazy-init="true">

	<!-- 自动扫描且只扫描@Controller -->
	<context:component-scan base-package="com.qucai.kp.api.api" />
	<context:component-scan base-package="com.qucai.kp.api.listener" />
	
	<!-- 全局异常控制 -->
	<bean class="com.qucai.kp.common.exception.CommonHandlerException"/> 

	<!-- Spring MVC JSON配置 -->
	<mvc:annotation-driven>
		<mvc:message-converters register-defaults="true">
			<!-- 将StringHttpMessageConverter的默认编码设为UTF-8 -->
			<bean class="org.springframework.http.converter.StringHttpMessageConverter">
				<constructor-arg value="UTF-8" />
			</bean>
			<!-- 将Jackson2HttpMessageConverter的默认格式化输出设为true -->
			<bean
				class="org.springframework.http.converter.json.MappingJackson2HttpMessageConverter">
				<property name="prettyPrint" value="true" />
			</bean>
		</mvc:message-converters>
	</mvc:annotation-driven>

	<!-- 对模型视图名称的解析，即在模型视图名称添加前后缀 -->
	<bean
		class="org.springframework.web.servlet.view.InternalResourceViewResolver">
		<property name="prefix" value="/WEB-INF/views/" />
		<property name="suffix" value=".html" />
		<property name="order" value="2" />
	</bean>
	<bean class="org.springframework.web.servlet.view.BeanNameViewResolver">
		<property name="order" value="0" />
	</bean>
	<!-- freemaker配置 -->
	<bean id="freemarkerSettings"
		class="org.springframework.beans.factory.config.PropertiesFactoryBean">
		<property name="location" value="classpath:freemarker.properties" />
	</bean>

	<bean id="freemarkerConfig" class="org.springframework.web.servlet.view.freemarker.FreeMarkerConfigurer">
		<property name="templateLoaderPath" value="/WEB-INF/views/" />
		<property name="freemarkerSettings" ref="freemarkerSettings" />
		<property name="freemarkerVariables">
			<map>
				<entry key="xml_escape" value-ref="fmXmlEscape" />
			</map>
		</property>
	</bean>
	<bean id="fmXmlEscape" class="freemarker.template.utility.XmlEscape" />

	<!-- 针对freemarker的视图配置 -->
	<bean id="viewResolver"
		class="org.springframework.web.servlet.view.freemarker.FreeMarkerViewResolver">
		<!-- 开发阶段不建议开启 -->
		<property name="cache" value="false" />
		<property name="suffix" value=".html" />
		<property name="viewClass"
			value="org.springframework.web.servlet.view.freemarker.FreeMarkerView" />
		<property name="contentType" value="text/html;charset=UTF-8" />
		<property name="requestContextAttribute" value="request" />
		<property name="exposeSpringMacroHelpers" value="true" />
		<property name="exposeRequestAttributes" value="true" />
		<property name="exposeSessionAttributes" value="true" />
		<property name="order" value="1" />
	</bean>
	<!-- freemaker配置 -->

	<!-- 容器默认的DefaultServletHandler处理 所有静态内容与无RequestMapping处理的URL -->
	<mvc:default-servlet-handler />

	<!-- 定义无需Controller的url与view直接映射 -->
	<mvc:view-controller path="/index" view-name="/login" />

	<!-- 定义无需Spring MVC处理的文件 -->
	<mvc:resources location="/static/" mapping="/static/**" />

	<!-- 支持上传文件 -->
	<bean id="multipartResolver"
		class="org.springframework.web.multipart.commons.CommonsMultipartResolver">
		<!-- 设定默认编码 -->
		<property name="defaultEncoding" value="UTF-8"></property>
		<!-- 设定文件上传的最大值5MB -->
		<property name="maxUploadSize" value="5242880"></property>
	</bean>
	
<!-- 	<mvc:interceptors> -->
<!-- 		<mvc:interceptor> -->
<!-- 			<mvc:mapping path="/*/*" /> -->
<!-- 			<mvc:mapping path="/*" /> -->
<!-- 			<mvc:exclude-mapping path="/agreement" /> -->
<!-- 			<mvc:exclude-mapping path="/aboutUs" /> -->
<!-- 			<mvc:exclude-mapping path="/creditRule" /> -->
<!-- 			<mvc:exclude-mapping path="/css/*" /> -->
<!-- 			<mvc:exclude-mapping path="/js/*" /> -->
<!-- 			<bean class="com.qucai.kp.api.common.CommonInterceptor"> -->
<!-- 			</bean> -->
<!-- 		</mvc:interceptor> -->
<!-- 		<mvc:interceptor> -->
<!-- 			<mvc:mapping path="/*/*" /> -->
<!-- 			<mvc:mapping path="/*" /> -->
<!-- 			<mvc:exclude-mapping path="/apiOther/captcha" /> -->
<!-- 			<mvc:exclude-mapping path="/apiOther/findAreaListByParentId" /> -->
<!-- 			<mvc:exclude-mapping path="/apiOther/findDictListByType" /> -->
<!-- 			<mvc:exclude-mapping path="/apiOther/findDictAllList" /> -->
<!-- 			<mvc:exclude-mapping path="/apiOauth/login" /> -->
<!-- 			<mvc:exclude-mapping path="/apiOauth/refreshToken" /> -->
<!-- 			<mvc:exclude-mapping path="/apiOauth/resetPassword" /> -->
<!-- 			<mvc:exclude-mapping path="/apiOauth/logout" /> -->
<!-- 			<mvc:exclude-mapping path="/agreement" /> -->
<!-- 			<mvc:exclude-mapping path="/aboutUs" /> -->
<!-- 			<mvc:exclude-mapping path="/css/*" /> -->
<!-- 			<mvc:exclude-mapping path="/js/*" /> -->
<!-- 			<bean class="com.qucai.kp.api.common.SecurityInterceptor"> -->
<!-- 			</bean> -->
<!-- 		</mvc:interceptor> -->
<!-- 	</mvc:interceptors> -->

</beans>